bedrock_item_identifier,bedrock_item_damage,java_item_identifier
minecraft:air,0,minecraft:air
minecraft:stone,0,minecraft:stone
minecraft:stone,1,minecraft:granite
minecraft:stone,2,minecraft:polished_granite
minecraft:stone,3,minecraft:diorite
minecraft:stone,4,minecraft:polished_diorite
minecraft:stone,5,minecraft:andesite
minecraft:stone,6,minecraft:polished_andesite
minecraft:deepslate,0,minecraft:deepslate
minecraft:cobbled_deepslate,0,minecraft:cobbled_deepslate
minecraft:polished_deepslate,0,minecraft:polished_deepslate
minecraft:calcite,0,minecraft:calcite
minecraft:tuff,0,minecraft:tuff
minecraft:dripstone_block,0,minecraft:dripstone_block
minecraft:grass,0,minecraft:grass_block
minecraft:dirt,0,minecraft:dirt
minecraft:dirt,1,minecraft:coarse_dirt
minecraft:podzol,0,minecraft:podzol
minecraft:dirt_with_roots,0,minecraft:rooted_dirt
minecraft:mud,0,minecraft:mud
minecraft:crimson_nylium,0,minecraft:crimson_nylium
minecraft:warped_nylium,0,minecraft:warped_nylium
minecraft:cobblestone,0,minecraft:cobblestone
minecraft:planks,0,minecraft:oak_planks
minecraft:planks,1,minecraft:spruce_planks
minecraft:planks,2,minecraft:birch_planks
minecraft:planks,3,minecraft:jungle_planks
minecraft:planks,4,minecraft:acacia_planks
minecraft:planks,5,minecraft:dark_oak_planks
minecraft:mangrove_planks,0,minecraft:mangrove_planks
minecraft:planks,0,minecraft:bamboo_planks
minecraft:crimson_planks,0,minecraft:crimson_planks
minecraft:warped_planks,0,minecraft:warped_planks
minecraft:planks,0,minecraft:bamboo_mosaic
minecraft:sapling,0,minecraft:oak_sapling
minecraft:sapling,1,minecraft:spruce_sapling
minecraft:sapling,2,minecraft:birch_sapling
minecraft:sapling,3,minecraft:jungle_sapling
minecraft:sapling,4,minecraft:acacia_sapling
minecraft:sapling,5,minecraft:dark_oak_sapling
minecraft:mangrove_propagule,0,minecraft:mangrove_propagule
minecraft:bedrock,0,minecraft:bedrock
minecraft:sand,0,minecraft:sand
minecraft:sand,1,minecraft:red_sand
minecraft:gravel,0,minecraft:gravel
minecraft:coal_ore,0,minecraft:coal_ore
minecraft:deepslate_coal_ore,0,minecraft:deepslate_coal_ore
minecraft:iron_ore,0,minecraft:iron_ore
minecraft:deepslate_iron_ore,0,minecraft:deepslate_iron_ore
minecraft:copper_ore,0,minecraft:copper_ore
minecraft:deepslate_copper_ore,0,minecraft:deepslate_copper_ore
minecraft:gold_ore,0,minecraft:gold_ore
minecraft:deepslate_gold_ore,0,minecraft:deepslate_gold_ore
minecraft:redstone_ore,0,minecraft:redstone_ore
minecraft:deepslate_redstone_ore,0,minecraft:deepslate_redstone_ore
minecraft:emerald_ore,0,minecraft:emerald_ore
minecraft:deepslate_emerald_ore,0,minecraft:deepslate_emerald_ore
minecraft:lapis_ore,0,minecraft:lapis_ore
minecraft:deepslate_lapis_ore,0,minecraft:deepslate_lapis_ore
minecraft:diamond_ore,0,minecraft:diamond_ore
minecraft:deepslate_diamond_ore,0,minecraft:deepslate_diamond_ore
minecraft:nether_gold_ore,0,minecraft:nether_gold_ore
minecraft:quartz_ore,0,minecraft:nether_quartz_ore
minecraft:ancient_debris,0,minecraft:ancient_debris
minecraft:coal_block,0,minecraft:coal_block
minecraft:raw_iron_block,0,minecraft:raw_iron_block
minecraft:raw_copper_block,0,minecraft:raw_copper_block
minecraft:raw_gold_block,0,minecraft:raw_gold_block
minecraft:amethyst_block,0,minecraft:amethyst_block
minecraft:budding_amethyst,0,minecraft:budding_amethyst
minecraft:iron_block,0,minecraft:iron_block
minecraft:copper_block,0,minecraft:copper_block
minecraft:gold_block,0,minecraft:gold_block
minecraft:diamond_block,0,minecraft:diamond_block
minecraft:netherite_block,0,minecraft:netherite_block
minecraft:exposed_copper,0,minecraft:exposed_copper
minecraft:weathered_copper,0,minecraft:weathered_copper
minecraft:oxidized_copper,0,minecraft:oxidized_copper
minecraft:cut_copper,0,minecraft:cut_copper
minecraft:exposed_cut_copper,0,minecraft:exposed_cut_copper
minecraft:weathered_cut_copper,0,minecraft:weathered_cut_copper
minecraft:oxidized_cut_copper,0,minecraft:oxidized_cut_copper
minecraft:cut_copper_stairs,0,minecraft:cut_copper_stairs
minecraft:exposed_cut_copper_stairs,0,minecraft:exposed_cut_copper_stairs
minecraft:weathered_cut_copper_stairs,0,minecraft:weathered_cut_copper_stairs
minecraft:oxidized_cut_copper_stairs,0,minecraft:oxidized_cut_copper_stairs
minecraft:cut_copper_slab,0,minecraft:cut_copper_slab
minecraft:exposed_cut_copper_slab,0,minecraft:exposed_cut_copper_slab
minecraft:weathered_cut_copper_slab,0,minecraft:weathered_cut_copper_slab
minecraft:oxidized_cut_copper_slab,0,minecraft:oxidized_cut_copper_slab
minecraft:waxed_copper,0,minecraft:waxed_copper_block
minecraft:waxed_exposed_copper,0,minecraft:waxed_exposed_copper
minecraft:waxed_weathered_copper,0,minecraft:waxed_weathered_copper
minecraft:waxed_oxidized_copper,0,minecraft:waxed_oxidized_copper
minecraft:waxed_cut_copper,0,minecraft:waxed_cut_copper
minecraft:waxed_exposed_cut_copper,0,minecraft:waxed_exposed_cut_copper
minecraft:waxed_weathered_cut_copper,0,minecraft:waxed_weathered_cut_copper
minecraft:waxed_oxidized_cut_copper,0,minecraft:waxed_oxidized_cut_copper
minecraft:waxed_cut_copper_stairs,0,minecraft:waxed_cut_copper_stairs
minecraft:waxed_exposed_cut_copper_stairs,0,minecraft:waxed_exposed_cut_copper_stairs
minecraft:waxed_weathered_cut_copper_stairs,0,minecraft:waxed_weathered_cut_copper_stairs
minecraft:waxed_oxidized_cut_copper_stairs,0,minecraft:waxed_oxidized_cut_copper_stairs
minecraft:waxed_cut_copper_slab,0,minecraft:waxed_cut_copper_slab
minecraft:waxed_exposed_cut_copper_slab,0,minecraft:waxed_exposed_cut_copper_slab
minecraft:waxed_weathered_cut_copper_slab,0,minecraft:waxed_weathered_cut_copper_slab
minecraft:waxed_oxidized_cut_copper_slab,0,minecraft:waxed_oxidized_cut_copper_slab
minecraft:log,0,minecraft:oak_log
minecraft:log,1,minecraft:spruce_log
minecraft:log,2,minecraft:birch_log
minecraft:log,3,minecraft:jungle_log
minecraft:log2,0,minecraft:acacia_log
minecraft:log2,1,minecraft:dark_oak_log
minecraft:mangrove_log,0,minecraft:mangrove_log
minecraft:mangrove_roots,0,minecraft:mangrove_roots
minecraft:muddy_mangrove_roots,0,minecraft:muddy_mangrove_roots
minecraft:crimson_stem,0,minecraft:crimson_stem
minecraft:warped_stem,0,minecraft:warped_stem
minecraft:log,0,minecraft:bamboo_block
minecraft:stripped_oak_log,0,minecraft:stripped_oak_log
minecraft:stripped_spruce_log,0,minecraft:stripped_spruce_log
minecraft:stripped_birch_log,0,minecraft:stripped_birch_log
minecraft:stripped_jungle_log,0,minecraft:stripped_jungle_log
minecraft:stripped_acacia_log,0,minecraft:stripped_acacia_log
minecraft:stripped_dark_oak_log,0,minecraft:stripped_dark_oak_log
minecraft:stripped_mangrove_log,0,minecraft:stripped_mangrove_log
minecraft:stripped_crimson_stem,0,minecraft:stripped_crimson_stem
minecraft:stripped_warped_stem,0,minecraft:stripped_warped_stem
minecraft:wood,8,minecraft:stripped_oak_wood
minecraft:wood,9,minecraft:stripped_spruce_wood
minecraft:wood,10,minecraft:stripped_birch_wood
minecraft:wood,11,minecraft:stripped_jungle_wood
minecraft:wood,12,minecraft:stripped_acacia_wood
minecraft:wood,13,minecraft:stripped_dark_oak_wood
minecraft:stripped_mangrove_wood,0,minecraft:stripped_mangrove_wood
minecraft:stripped_crimson_hyphae,0,minecraft:stripped_crimson_hyphae
minecraft:stripped_warped_hyphae,0,minecraft:stripped_warped_hyphae
minecraft:planks,0,minecraft:stripped_bamboo_block
minecraft:wood,0,minecraft:oak_wood
minecraft:wood,1,minecraft:spruce_wood
minecraft:wood,2,minecraft:birch_wood
minecraft:wood,3,minecraft:jungle_wood
minecraft:wood,4,minecraft:acacia_wood
minecraft:wood,5,minecraft:dark_oak_wood
minecraft:mangrove_wood,0,minecraft:mangrove_wood
minecraft:crimson_hyphae,0,minecraft:crimson_hyphae
minecraft:warped_hyphae,0,minecraft:warped_hyphae
minecraft:leaves,0,minecraft:oak_leaves
minecraft:leaves,1,minecraft:spruce_leaves
minecraft:leaves,2,minecraft:birch_leaves
minecraft:leaves,3,minecraft:jungle_leaves
minecraft:leaves2,0,minecraft:acacia_leaves
minecraft:leaves2,1,minecraft:dark_oak_leaves
minecraft:mangrove_leaves,0,minecraft:mangrove_leaves
minecraft:azalea_leaves,0,minecraft:azalea_leaves
minecraft:azalea_leaves_flowered,0,minecraft:flowering_azalea_leaves
minecraft:sponge,0,minecraft:sponge
minecraft:sponge,1,minecraft:wet_sponge
minecraft:glass,0,minecraft:glass
minecraft:tinted_glass,0,minecraft:tinted_glass
minecraft:lapis_block,0,minecraft:lapis_block
minecraft:sandstone,0,minecraft:sandstone
minecraft:sandstone,1,minecraft:chiseled_sandstone
minecraft:sandstone,2,minecraft:cut_sandstone
minecraft:web,0,minecraft:cobweb
minecraft:tallgrass,1,minecraft:grass
minecraft:tallgrass,2,minecraft:fern
minecraft:azalea,0,minecraft:azalea
minecraft:flowering_azalea,0,minecraft:flowering_azalea
minecraft:deadbush,0,minecraft:dead_bush
minecraft:seagrass,0,minecraft:seagrass
minecraft:sea_pickle,0,minecraft:sea_pickle
minecraft:wool,0,minecraft:white_wool
minecraft:wool,1,minecraft:orange_wool
minecraft:wool,2,minecraft:magenta_wool
minecraft:wool,3,minecraft:light_blue_wool
minecraft:wool,4,minecraft:yellow_wool
minecraft:wool,5,minecraft:lime_wool
minecraft:wool,6,minecraft:pink_wool
minecraft:wool,7,minecraft:gray_wool
minecraft:wool,8,minecraft:light_gray_wool
minecraft:wool,9,minecraft:cyan_wool
minecraft:wool,10,minecraft:purple_wool
minecraft:wool,11,minecraft:blue_wool
minecraft:wool,12,minecraft:brown_wool
minecraft:wool,13,minecraft:green_wool
minecraft:wool,14,minecraft:red_wool
minecraft:wool,15,minecraft:black_wool
minecraft:yellow_flower,0,minecraft:dandelion
minecraft:red_flower,0,minecraft:poppy
minecraft:red_flower,1,minecraft:blue_orchid
minecraft:red_flower,2,minecraft:allium
minecraft:red_flower,3,minecraft:azure_bluet
minecraft:red_flower,4,minecraft:red_tulip
minecraft:red_flower,5,minecraft:orange_tulip
minecraft:red_flower,6,minecraft:white_tulip
minecraft:red_flower,7,minecraft:pink_tulip
minecraft:red_flower,8,minecraft:oxeye_daisy
minecraft:red_flower,9,minecraft:cornflower
minecraft:red_flower,10,minecraft:lily_of_the_valley
minecraft:wither_rose,0,minecraft:wither_rose
minecraft:spore_blossom,0,minecraft:spore_blossom
minecraft:brown_mushroom,0,minecraft:brown_mushroom
minecraft:red_mushroom,0,minecraft:red_mushroom
minecraft:crimson_fungus,0,minecraft:crimson_fungus
minecraft:warped_fungus,0,minecraft:warped_fungus
minecraft:crimson_roots,0,minecraft:crimson_roots
minecraft:warped_roots,0,minecraft:warped_roots
minecraft:nether_sprouts,0,minecraft:nether_sprouts
minecraft:weeping_vines,0,minecraft:weeping_vines
minecraft:twisting_vines,0,minecraft:twisting_vines
minecraft:sugar_cane,0,minecraft:sugar_cane
minecraft:kelp,0,minecraft:kelp
minecraft:moss_carpet,0,minecraft:moss_carpet
minecraft:moss_block,0,minecraft:moss_block
minecraft:hanging_roots,0,minecraft:hanging_roots
minecraft:big_dripleaf,0,minecraft:big_dripleaf
minecraft:small_dripleaf_block,0,minecraft:small_dripleaf
minecraft:bamboo,0,minecraft:bamboo
minecraft:wooden_slab,0,minecraft:oak_slab
minecraft:wooden_slab,1,minecraft:spruce_slab
minecraft:wooden_slab,2,minecraft:birch_slab
minecraft:wooden_slab,3,minecraft:jungle_slab
minecraft:wooden_slab,4,minecraft:acacia_slab
minecraft:wooden_slab,5,minecraft:dark_oak_slab
minecraft:mangrove_slab,0,minecraft:mangrove_slab
minecraft:wooden_slab,0,minecraft:bamboo_slab
minecraft:wooden_slab,0,minecraft:bamboo_mosaic_slab
minecraft:crimson_slab,0,minecraft:crimson_slab
minecraft:warped_slab,0,minecraft:warped_slab
minecraft:stone_block_slab4,2,minecraft:stone_slab
minecraft:stone_block_slab,0,minecraft:smooth_stone_slab
minecraft:stone_block_slab,1,minecraft:sandstone_slab
minecraft:stone_block_slab4,3,minecraft:cut_sandstone_slab
minecraft:stone_block_slab,2,minecraft:petrified_oak_slab
minecraft:stone_block_slab,3,minecraft:cobblestone_slab
minecraft:stone_block_slab,4,minecraft:brick_slab
minecraft:stone_block_slab,5,minecraft:stone_brick_slab
minecraft:mud_brick_slab,0,minecraft:mud_brick_slab
minecraft:stone_block_slab,7,minecraft:nether_brick_slab
minecraft:stone_block_slab,6,minecraft:quartz_slab
minecraft:stone_block_slab2,0,minecraft:red_sandstone_slab
minecraft:stone_block_slab4,4,minecraft:cut_red_sandstone_slab
minecraft:stone_block_slab2,1,minecraft:purpur_slab
minecraft:stone_block_slab2,2,minecraft:prismarine_slab
minecraft:stone_block_slab2,4,minecraft:prismarine_brick_slab
minecraft:stone_block_slab2,3,minecraft:dark_prismarine_slab
minecraft:quartz_block,3,minecraft:smooth_quartz
minecraft:red_sandstone,3,minecraft:smooth_red_sandstone
minecraft:sandstone,3,minecraft:smooth_sandstone
minecraft:smooth_stone,0,minecraft:smooth_stone
minecraft:brick_block,0,minecraft:bricks
minecraft:bookshelf,0,minecraft:bookshelf
minecraft:bookshelf,0,minecraft:chiseled_bookshelf
minecraft:mossy_cobblestone,0,minecraft:mossy_cobblestone
minecraft:obsidian,0,minecraft:obsidian
minecraft:torch,0,minecraft:torch
minecraft:end_rod,0,minecraft:end_rod
minecraft:chorus_plant,0,minecraft:chorus_plant
minecraft:chorus_flower,0,minecraft:chorus_flower
minecraft:purpur_block,0,minecraft:purpur_block
minecraft:purpur_block,2,minecraft:purpur_pillar
minecraft:purpur_stairs,0,minecraft:purpur_stairs
minecraft:mob_spawner,0,minecraft:spawner
minecraft:chest,0,minecraft:chest
minecraft:crafting_table,0,minecraft:crafting_table
minecraft:farmland,0,minecraft:farmland
minecraft:furnace,0,minecraft:furnace
minecraft:ladder,0,minecraft:ladder
minecraft:stone_stairs,0,minecraft:cobblestone_stairs
minecraft:snow_layer,0,minecraft:snow
minecraft:ice,0,minecraft:ice
minecraft:snow,0,minecraft:snow_block
minecraft:cactus,0,minecraft:cactus
minecraft:clay,0,minecraft:clay
minecraft:jukebox,0,minecraft:jukebox
minecraft:fence,0,minecraft:oak_fence
minecraft:fence,1,minecraft:spruce_fence
minecraft:fence,2,minecraft:birch_fence
minecraft:fence,3,minecraft:jungle_fence
minecraft:fence,4,minecraft:acacia_fence
minecraft:fence,5,minecraft:dark_oak_fence
minecraft:mangrove_fence,0,minecraft:mangrove_fence
minecraft:fence,0,minecraft:bamboo_fence
minecraft:crimson_fence,0,minecraft:crimson_fence
minecraft:warped_fence,0,minecraft:warped_fence
minecraft:pumpkin,0,minecraft:pumpkin
minecraft:carved_pumpkin,0,minecraft:carved_pumpkin
minecraft:lit_pumpkin,0,minecraft:jack_o_lantern
minecraft:netherrack,0,minecraft:netherrack
minecraft:soul_sand,0,minecraft:soul_sand
minecraft:soul_soil,0,minecraft:soul_soil
minecraft:basalt,0,minecraft:basalt
minecraft:polished_basalt,0,minecraft:polished_basalt
minecraft:smooth_basalt,0,minecraft:smooth_basalt
minecraft:soul_torch,0,minecraft:soul_torch
minecraft:glowstone,0,minecraft:glowstone
minecraft:monster_egg,0,minecraft:infested_stone
minecraft:monster_egg,1,minecraft:infested_cobblestone
minecraft:monster_egg,2,minecraft:infested_stone_bricks
minecraft:monster_egg,3,minecraft:infested_mossy_stone_bricks
minecraft:monster_egg,4,minecraft:infested_cracked_stone_bricks
minecraft:monster_egg,5,minecraft:infested_chiseled_stone_bricks
minecraft:infested_deepslate,0,minecraft:infested_deepslate
minecraft:stonebrick,0,minecraft:stone_bricks
minecraft:stonebrick,1,minecraft:mossy_stone_bricks
minecraft:stonebrick,2,minecraft:cracked_stone_bricks
minecraft:stonebrick,3,minecraft:chiseled_stone_bricks
minecraft:packed_mud,0,minecraft:packed_mud
minecraft:mud_bricks,0,minecraft:mud_bricks
minecraft:deepslate_bricks,0,minecraft:deepslate_bricks
minecraft:cracked_deepslate_bricks,0,minecraft:cracked_deepslate_bricks
minecraft:deepslate_tiles,0,minecraft:deepslate_tiles
minecraft:cracked_deepslate_tiles,0,minecraft:cracked_deepslate_tiles
minecraft:chiseled_deepslate,0,minecraft:chiseled_deepslate
minecraft:reinforced_deepslate,0,minecraft:reinforced_deepslate
minecraft:brown_mushroom_block,14,minecraft:brown_mushroom_block
minecraft:red_mushroom_block,14,minecraft:red_mushroom_block
minecraft:brown_mushroom_block,15,minecraft:mushroom_stem
minecraft:iron_bars,0,minecraft:iron_bars
minecraft:chain,0,minecraft:chain
minecraft:glass_pane,0,minecraft:glass_pane
minecraft:melon_block,0,minecraft:melon
minecraft:vine,0,minecraft:vine
minecraft:glow_lichen,0,minecraft:glow_lichen
minecraft:brick_stairs,0,minecraft:brick_stairs
minecraft:stone_brick_stairs,0,minecraft:stone_brick_stairs
minecraft:mud_brick_stairs,0,minecraft:mud_brick_stairs
minecraft:mycelium,0,minecraft:mycelium
minecraft:waterlily,0,minecraft:lily_pad
minecraft:nether_brick,0,minecraft:nether_bricks
minecraft:cracked_nether_bricks,0,minecraft:cracked_nether_bricks
minecraft:chiseled_nether_bricks,0,minecraft:chiseled_nether_bricks
minecraft:nether_brick_fence,0,minecraft:nether_brick_fence
minecraft:nether_brick_stairs,0,minecraft:nether_brick_stairs
minecraft:sculk,0,minecraft:sculk
minecraft:sculk_vein,0,minecraft:sculk_vein
minecraft:sculk_catalyst,0,minecraft:sculk_catalyst
minecraft:sculk_shrieker,0,minecraft:sculk_shrieker
minecraft:enchanting_table,0,minecraft:enchanting_table
minecraft:end_portal_frame,0,minecraft:end_portal_frame
minecraft:end_stone,0,minecraft:end_stone
minecraft:end_bricks,0,minecraft:end_stone_bricks
minecraft:dragon_egg,0,minecraft:dragon_egg
minecraft:sandstone_stairs,0,minecraft:sandstone_stairs
minecraft:ender_chest,0,minecraft:ender_chest
minecraft:emerald_block,0,minecraft:emerald_block
minecraft:oak_stairs,0,minecraft:oak_stairs
minecraft:spruce_stairs,0,minecraft:spruce_stairs
minecraft:birch_stairs,0,minecraft:birch_stairs
minecraft:jungle_stairs,0,minecraft:jungle_stairs
minecraft:acacia_stairs,0,minecraft:acacia_stairs
minecraft:dark_oak_stairs,0,minecraft:dark_oak_stairs
minecraft:mangrove_stairs,0,minecraft:mangrove_stairs
minecraft:oak_stairs,0,minecraft:bamboo_stairs
minecraft:oak_stairs,0,minecraft:bamboo_mosaic_stairs
minecraft:crimson_stairs,0,minecraft:crimson_stairs
minecraft:warped_stairs,0,minecraft:warped_stairs
minecraft:command_block,0,minecraft:command_block
minecraft:beacon,0,minecraft:beacon
minecraft:cobblestone_wall,0,minecraft:cobblestone_wall
minecraft:cobblestone_wall,1,minecraft:mossy_cobblestone_wall
minecraft:cobblestone_wall,6,minecraft:brick_wall
minecraft:cobblestone_wall,11,minecraft:prismarine_wall
minecraft:cobblestone_wall,12,minecraft:red_sandstone_wall
minecraft:cobblestone_wall,8,minecraft:mossy_stone_brick_wall
minecraft:cobblestone_wall,2,minecraft:granite_wall
minecraft:cobblestone_wall,7,minecraft:stone_brick_wall
minecraft:mud_brick_wall,0,minecraft:mud_brick_wall
minecraft:cobblestone_wall,9,minecraft:nether_brick_wall
minecraft:cobblestone_wall,4,minecraft:andesite_wall
minecraft:cobblestone_wall,13,minecraft:red_nether_brick_wall
minecraft:cobblestone_wall,5,minecraft:sandstone_wall
minecraft:cobblestone_wall,10,minecraft:end_stone_brick_wall
minecraft:cobblestone_wall,3,minecraft:diorite_wall
minecraft:blackstone_wall,0,minecraft:blackstone_wall
minecraft:polished_blackstone_wall,0,minecraft:polished_blackstone_wall
minecraft:polished_blackstone_brick_wall,0,minecraft:polished_blackstone_brick_wall
minecraft:cobbled_deepslate_wall,0,minecraft:cobbled_deepslate_wall
minecraft:polished_deepslate_wall,0,minecraft:polished_deepslate_wall
minecraft:deepslate_brick_wall,0,minecraft:deepslate_brick_wall
minecraft:deepslate_tile_wall,0,minecraft:deepslate_tile_wall
minecraft:anvil,0,minecraft:anvil
minecraft:anvil,4,minecraft:chipped_anvil
minecraft:anvil,8,minecraft:damaged_anvil
minecraft:quartz_block,1,minecraft:chiseled_quartz_block
minecraft:quartz_block,0,minecraft:quartz_block
minecraft:quartz_bricks,0,minecraft:quartz_bricks
minecraft:quartz_block,2,minecraft:quartz_pillar
minecraft:quartz_stairs,0,minecraft:quartz_stairs
minecraft:stained_hardened_clay,0,minecraft:white_terracotta
minecraft:stained_hardened_clay,1,minecraft:orange_terracotta
minecraft:stained_hardened_clay,2,minecraft:magenta_terracotta
minecraft:stained_hardened_clay,3,minecraft:light_blue_terracotta
minecraft:stained_hardened_clay,4,minecraft:yellow_terracotta
minecraft:stained_hardened_clay,5,minecraft:lime_terracotta
minecraft:stained_hardened_clay,6,minecraft:pink_terracotta
minecraft:stained_hardened_clay,7,minecraft:gray_terracotta
minecraft:stained_hardened_clay,8,minecraft:light_gray_terracotta
minecraft:stained_hardened_clay,9,minecraft:cyan_terracotta
minecraft:stained_hardened_clay,10,minecraft:purple_terracotta
minecraft:stained_hardened_clay,11,minecraft:blue_terracotta
minecraft:stained_hardened_clay,12,minecraft:brown_terracotta
minecraft:stained_hardened_clay,13,minecraft:green_terracotta
minecraft:stained_hardened_clay,14,minecraft:red_terracotta
minecraft:stained_hardened_clay,15,minecraft:black_terracotta
minecraft:barrier,0,minecraft:barrier
minecraft:light_block,0,minecraft:light
minecraft:hay_block,0,minecraft:hay_block
minecraft:carpet,0,minecraft:white_carpet
minecraft:carpet,1,minecraft:orange_carpet
minecraft:carpet,2,minecraft:magenta_carpet
minecraft:carpet,3,minecraft:light_blue_carpet
minecraft:carpet,4,minecraft:yellow_carpet
minecraft:carpet,5,minecraft:lime_carpet
minecraft:carpet,6,minecraft:pink_carpet
minecraft:carpet,7,minecraft:gray_carpet
minecraft:carpet,8,minecraft:light_gray_carpet
minecraft:carpet,9,minecraft:cyan_carpet
minecraft:carpet,10,minecraft:purple_carpet
minecraft:carpet,11,minecraft:blue_carpet
minecraft:carpet,12,minecraft:brown_carpet
minecraft:carpet,13,minecraft:green_carpet
minecraft:carpet,14,minecraft:red_carpet
minecraft:carpet,15,minecraft:black_carpet
minecraft:hardened_clay,0,minecraft:terracotta
minecraft:packed_ice,0,minecraft:packed_ice
minecraft:grass_path,0,minecraft:dirt_path
minecraft:double_plant,0,minecraft:sunflower
minecraft:double_plant,1,minecraft:lilac
minecraft:double_plant,4,minecraft:rose_bush
minecraft:double_plant,5,minecraft:peony
minecraft:double_plant,2,minecraft:tall_grass
minecraft:double_plant,3,minecraft:large_fern
minecraft:stained_glass,0,minecraft:white_stained_glass
minecraft:stained_glass,1,minecraft:orange_stained_glass
minecraft:stained_glass,2,minecraft:magenta_stained_glass
minecraft:stained_glass,3,minecraft:light_blue_stained_glass
minecraft:stained_glass,4,minecraft:yellow_stained_glass
minecraft:stained_glass,5,minecraft:lime_stained_glass
minecraft:stained_glass,6,minecraft:pink_stained_glass
minecraft:stained_glass,7,minecraft:gray_stained_glass
minecraft:stained_glass,8,minecraft:light_gray_stained_glass
minecraft:stained_glass,9,minecraft:cyan_stained_glass
minecraft:stained_glass,10,minecraft:purple_stained_glass
minecraft:stained_glass,11,minecraft:blue_stained_glass
minecraft:stained_glass,12,minecraft:brown_stained_glass
minecraft:stained_glass,13,minecraft:green_stained_glass
minecraft:stained_glass,14,minecraft:red_stained_glass
minecraft:stained_glass,15,minecraft:black_stained_glass
minecraft:stained_glass_pane,0,minecraft:white_stained_glass_pane
minecraft:stained_glass_pane,1,minecraft:orange_stained_glass_pane
minecraft:stained_glass_pane,2,minecraft:magenta_stained_glass_pane
minecraft:stained_glass_pane,3,minecraft:light_blue_stained_glass_pane
minecraft:stained_glass_pane,4,minecraft:yellow_stained_glass_pane
minecraft:stained_glass_pane,5,minecraft:lime_stained_glass_pane
minecraft:stained_glass_pane,6,minecraft:pink_stained_glass_pane
minecraft:stained_glass_pane,7,minecraft:gray_stained_glass_pane
minecraft:stained_glass_pane,8,minecraft:light_gray_stained_glass_pane
minecraft:stained_glass_pane,9,minecraft:cyan_stained_glass_pane
minecraft:stained_glass_pane,10,minecraft:purple_stained_glass_pane
minecraft:stained_glass_pane,11,minecraft:blue_stained_glass_pane
minecraft:stained_glass_pane,12,minecraft:brown_stained_glass_pane
minecraft:stained_glass_pane,13,minecraft:green_stained_glass_pane
minecraft:stained_glass_pane,14,minecraft:red_stained_glass_pane
minecraft:stained_glass_pane,15,minecraft:black_stained_glass_pane
minecraft:prismarine,0,minecraft:prismarine
minecraft:prismarine,2,minecraft:prismarine_bricks
minecraft:prismarine,1,minecraft:dark_prismarine
minecraft:prismarine_stairs,0,minecraft:prismarine_stairs
minecraft:prismarine_bricks_stairs,0,minecraft:prismarine_brick_stairs
minecraft:dark_prismarine_stairs,0,minecraft:dark_prismarine_stairs
minecraft:sea_lantern,0,minecraft:sea_lantern
minecraft:red_sandstone,0,minecraft:red_sandstone
minecraft:red_sandstone,1,minecraft:chiseled_red_sandstone
minecraft:red_sandstone,2,minecraft:cut_red_sandstone
minecraft:red_sandstone_stairs,0,minecraft:red_sandstone_stairs
minecraft:repeating_command_block,0,minecraft:repeating_command_block
minecraft:chain_command_block,0,minecraft:chain_command_block
minecraft:magma,0,minecraft:magma_block
minecraft:nether_wart_block,0,minecraft:nether_wart_block
minecraft:warped_wart_block,0,minecraft:warped_wart_block
minecraft:red_nether_brick,0,minecraft:red_nether_bricks
minecraft:bone_block,0,minecraft:bone_block
minecraft:structure_void,0,minecraft:structure_void
minecraft:undyed_shulker_box,0,minecraft:shulker_box
minecraft:shulker_box,0,minecraft:white_shulker_box
minecraft:shulker_box,1,minecraft:orange_shulker_box
minecraft:shulker_box,2,minecraft:magenta_shulker_box
minecraft:shulker_box,3,minecraft:light_blue_shulker_box
minecraft:shulker_box,4,minecraft:yellow_shulker_box
minecraft:shulker_box,5,minecraft:lime_shulker_box
minecraft:shulker_box,6,minecraft:pink_shulker_box
minecraft:shulker_box,7,minecraft:gray_shulker_box
minecraft:shulker_box,8,minecraft:light_gray_shulker_box
minecraft:shulker_box,9,minecraft:cyan_shulker_box
minecraft:shulker_box,10,minecraft:purple_shulker_box
minecraft:shulker_box,11,minecraft:blue_shulker_box
minecraft:shulker_box,12,minecraft:brown_shulker_box
minecraft:shulker_box,13,minecraft:green_shulker_box
minecraft:shulker_box,14,minecraft:red_shulker_box
minecraft:shulker_box,15,minecraft:black_shulker_box
minecraft:white_glazed_terracotta,0,minecraft:white_glazed_terracotta
minecraft:orange_glazed_terracotta,0,minecraft:orange_glazed_terracotta
minecraft:magenta_glazed_terracotta,0,minecraft:magenta_glazed_terracotta
minecraft:light_blue_glazed_terracotta,0,minecraft:light_blue_glazed_terracotta
minecraft:yellow_glazed_terracotta,0,minecraft:yellow_glazed_terracotta
minecraft:lime_glazed_terracotta,0,minecraft:lime_glazed_terracotta
minecraft:pink_glazed_terracotta,0,minecraft:pink_glazed_terracotta
minecraft:gray_glazed_terracotta,0,minecraft:gray_glazed_terracotta
minecraft:silver_glazed_terracotta,0,minecraft:light_gray_glazed_terracotta
minecraft:cyan_glazed_terracotta,0,minecraft:cyan_glazed_terracotta
minecraft:purple_glazed_terracotta,0,minecraft:purple_glazed_terracotta
minecraft:blue_glazed_terracotta,0,minecraft:blue_glazed_terracotta
minecraft:brown_glazed_terracotta,0,minecraft:brown_glazed_terracotta
minecraft:green_glazed_terracotta,0,minecraft:green_glazed_terracotta
minecraft:red_glazed_terracotta,0,minecraft:red_glazed_terracotta
minecraft:black_glazed_terracotta,0,minecraft:black_glazed_terracotta
minecraft:concrete,0,minecraft:white_concrete
minecraft:concrete,1,minecraft:orange_concrete
minecraft:concrete,2,minecraft:magenta_concrete
minecraft:concrete,3,minecraft:light_blue_concrete
minecraft:concrete,4,minecraft:yellow_concrete
minecraft:concrete,5,minecraft:lime_concrete
minecraft:concrete,6,minecraft:pink_concrete
minecraft:concrete,7,minecraft:gray_concrete
minecraft:concrete,8,minecraft:light_gray_concrete
minecraft:concrete,9,minecraft:cyan_concrete
minecraft:concrete,10,minecraft:purple_concrete
minecraft:concrete,11,minecraft:blue_concrete
minecraft:concrete,12,minecraft:brown_concrete
minecraft:concrete,13,minecraft:green_concrete
minecraft:concrete,14,minecraft:red_concrete
minecraft:concrete,15,minecraft:black_concrete
minecraft:concrete_powder,0,minecraft:white_concrete_powder
minecraft:concrete_powder,1,minecraft:orange_concrete_powder
minecraft:concrete_powder,2,minecraft:magenta_concrete_powder
minecraft:concrete_powder,3,minecraft:light_blue_concrete_powder
minecraft:concrete_powder,4,minecraft:yellow_concrete_powder
minecraft:concrete_powder,5,minecraft:lime_concrete_powder
minecraft:concrete_powder,6,minecraft:pink_concrete_powder
minecraft:concrete_powder,7,minecraft:gray_concrete_powder
minecraft:concrete_powder,8,minecraft:light_gray_concrete_powder
minecraft:concrete_powder,9,minecraft:cyan_concrete_powder
minecraft:concrete_powder,10,minecraft:purple_concrete_powder
minecraft:concrete_powder,11,minecraft:blue_concrete_powder
minecraft:concrete_powder,12,minecraft:brown_concrete_powder
minecraft:concrete_powder,13,minecraft:green_concrete_powder
minecraft:concrete_powder,14,minecraft:red_concrete_powder
minecraft:concrete_powder,15,minecraft:black_concrete_powder
minecraft:turtle_egg,0,minecraft:turtle_egg
minecraft:coral_block,8,minecraft:dead_tube_coral_block
minecraft:coral_block,9,minecraft:dead_brain_coral_block
minecraft:coral_block,10,minecraft:dead_bubble_coral_block
minecraft:coral_block,11,minecraft:dead_fire_coral_block
minecraft:coral_block,12,minecraft:dead_horn_coral_block
minecraft:coral_block,0,minecraft:tube_coral_block
minecraft:coral_block,1,minecraft:brain_coral_block
minecraft:coral_block,2,minecraft:bubble_coral_block
minecraft:coral_block,3,minecraft:fire_coral_block
minecraft:coral_block,4,minecraft:horn_coral_block
minecraft:coral,0,minecraft:tube_coral
minecraft:coral,1,minecraft:brain_coral
minecraft:coral,2,minecraft:bubble_coral
minecraft:coral,3,minecraft:fire_coral
minecraft:coral,4,minecraft:horn_coral
minecraft:coral,9,minecraft:dead_brain_coral
minecraft:coral,10,minecraft:dead_bubble_coral
minecraft:coral,11,minecraft:dead_fire_coral
minecraft:coral,12,minecraft:dead_horn_coral
minecraft:coral,8,minecraft:dead_tube_coral
minecraft:coral_fan,0,minecraft:tube_coral_fan
minecraft:coral_fan,1,minecraft:brain_coral_fan
minecraft:coral_fan,2,minecraft:bubble_coral_fan
minecraft:coral_fan,3,minecraft:fire_coral_fan
minecraft:coral_fan,4,minecraft:horn_coral_fan
minecraft:coral_fan_dead,0,minecraft:dead_tube_coral_fan
minecraft:coral_fan_dead,1,minecraft:dead_brain_coral_fan
minecraft:coral_fan_dead,2,minecraft:dead_bubble_coral_fan
minecraft:coral_fan_dead,3,minecraft:dead_fire_coral_fan
minecraft:coral_fan_dead,4,minecraft:dead_horn_coral_fan
minecraft:blue_ice,0,minecraft:blue_ice
minecraft:conduit,0,minecraft:conduit
minecraft:polished_granite_stairs,0,minecraft:polished_granite_stairs
minecraft:smooth_red_sandstone_stairs,0,minecraft:smooth_red_sandstone_stairs
minecraft:mossy_stone_brick_stairs,0,minecraft:mossy_stone_brick_stairs
minecraft:polished_diorite_stairs,0,minecraft:polished_diorite_stairs
minecraft:mossy_cobblestone_stairs,0,minecraft:mossy_cobblestone_stairs
minecraft:end_brick_stairs,0,minecraft:end_stone_brick_stairs
minecraft:normal_stone_stairs,0,minecraft:stone_stairs
minecraft:smooth_sandstone_stairs,0,minecraft:smooth_sandstone_stairs
minecraft:smooth_quartz_stairs,0,minecraft:smooth_quartz_stairs
minecraft:granite_stairs,0,minecraft:granite_stairs
minecraft:andesite_stairs,0,minecraft:andesite_stairs
minecraft:red_nether_brick_stairs,0,minecraft:red_nether_brick_stairs
minecraft:polished_andesite_stairs,0,minecraft:polished_andesite_stairs
minecraft:diorite_stairs,0,minecraft:diorite_stairs
minecraft:cobbled_deepslate_stairs,0,minecraft:cobbled_deepslate_stairs
minecraft:polished_deepslate_stairs,0,minecraft:polished_deepslate_stairs
minecraft:deepslate_brick_stairs,0,minecraft:deepslate_brick_stairs
minecraft:deepslate_tile_stairs,0,minecraft:deepslate_tile_stairs
minecraft:stone_block_slab3,7,minecraft:polished_granite_slab
minecraft:stone_block_slab3,1,minecraft:smooth_red_sandstone_slab
minecraft:stone_block_slab4,0,minecraft:mossy_stone_brick_slab
minecraft:stone_block_slab3,5,minecraft:polished_diorite_slab
minecraft:stone_block_slab2,5,minecraft:mossy_cobblestone_slab
minecraft:stone_block_slab3,0,minecraft:end_stone_brick_slab
minecraft:stone_block_slab2,6,minecraft:smooth_sandstone_slab
minecraft:stone_block_slab4,1,minecraft:smooth_quartz_slab
minecraft:stone_block_slab3,6,minecraft:granite_slab
minecraft:stone_block_slab3,3,minecraft:andesite_slab
minecraft:stone_block_slab2,7,minecraft:red_nether_brick_slab
minecraft:stone_block_slab3,2,minecraft:polished_andesite_slab
minecraft:stone_block_slab3,4,minecraft:diorite_slab
minecraft:cobbled_deepslate_slab,0,minecraft:cobbled_deepslate_slab
minecraft:polished_deepslate_slab,0,minecraft:polished_deepslate_slab
minecraft:deepslate_brick_slab,0,minecraft:deepslate_brick_slab
minecraft:deepslate_tile_slab,0,minecraft:deepslate_tile_slab
minecraft:scaffolding,0,minecraft:scaffolding
minecraft:redstone,0,minecraft:redstone
minecraft:redstone_torch,0,minecraft:redstone_torch
minecraft:redstone_block,0,minecraft:redstone_block
minecraft:repeater,0,minecraft:repeater
minecraft:comparator,0,minecraft:comparator
minecraft:piston,1,minecraft:piston
minecraft:sticky_piston,1,minecraft:sticky_piston
minecraft:slime,0,minecraft:slime_block
minecraft:honey_block,0,minecraft:honey_block
minecraft:observer,0,minecraft:observer
minecraft:hopper,0,minecraft:hopper
minecraft:dispenser,3,minecraft:dispenser
minecraft:dropper,3,minecraft:dropper
minecraft:lectern,0,minecraft:lectern
minecraft:target,0,minecraft:target
minecraft:lever,0,minecraft:lever
minecraft:lightning_rod,0,minecraft:lightning_rod
minecraft:daylight_detector,0,minecraft:daylight_detector
minecraft:sculk_sensor,0,minecraft:sculk_sensor
minecraft:tripwire_hook,0,minecraft:tripwire_hook
minecraft:trapped_chest,0,minecraft:trapped_chest
minecraft:tnt,0,minecraft:tnt
minecraft:redstone_lamp,0,minecraft:redstone_lamp
minecraft:noteblock,0,minecraft:note_block
minecraft:stone_button,0,minecraft:stone_button
minecraft:polished_blackstone_button,0,minecraft:polished_blackstone_button
minecraft:wooden_button,0,minecraft:oak_button
minecraft:spruce_button,0,minecraft:spruce_button
minecraft:birch_button,0,minecraft:birch_button
minecraft:jungle_button,0,minecraft:jungle_button
minecraft:acacia_button,0,minecraft:acacia_button
minecraft:dark_oak_button,0,minecraft:dark_oak_button
minecraft:mangrove_button,0,minecraft:mangrove_button
minecraft:wooden_button,0,minecraft:bamboo_button
minecraft:crimson_button,0,minecraft:crimson_button
minecraft:warped_button,0,minecraft:warped_button
minecraft:stone_pressure_plate,0,minecraft:stone_pressure_plate
minecraft:polished_blackstone_pressure_plate,0,minecraft:polished_blackstone_pressure_plate
minecraft:light_weighted_pressure_plate,0,minecraft:light_weighted_pressure_plate
minecraft:heavy_weighted_pressure_plate,0,minecraft:heavy_weighted_pressure_plate
minecraft:wooden_pressure_plate,0,minecraft:oak_pressure_plate
minecraft:spruce_pressure_plate,0,minecraft:spruce_pressure_plate
minecraft:birch_pressure_plate,0,minecraft:birch_pressure_plate
minecraft:jungle_pressure_plate,0,minecraft:jungle_pressure_plate
minecraft:acacia_pressure_plate,0,minecraft:acacia_pressure_plate
minecraft:dark_oak_pressure_plate,0,minecraft:dark_oak_pressure_plate
minecraft:mangrove_pressure_plate,0,minecraft:mangrove_pressure_plate
minecraft:wooden_pressure_plate,0,minecraft:bamboo_pressure_plate
minecraft:crimson_pressure_plate,0,minecraft:crimson_pressure_plate
minecraft:warped_pressure_plate,0,minecraft:warped_pressure_plate
minecraft:iron_door,0,minecraft:iron_door
minecraft:wooden_door,0,minecraft:oak_door
minecraft:spruce_door,0,minecraft:spruce_door
minecraft:birch_door,0,minecraft:birch_door
minecraft:jungle_door,0,minecraft:jungle_door
minecraft:acacia_door,0,minecraft:acacia_door
minecraft:dark_oak_door,0,minecraft:dark_oak_door
minecraft:mangrove_door,0,minecraft:mangrove_door
minecraft:wooden_door,0,minecraft:bamboo_door
minecraft:crimson_door,0,minecraft:crimson_door
minecraft:warped_door,0,minecraft:warped_door
minecraft:iron_trapdoor,0,minecraft:iron_trapdoor
minecraft:trapdoor,0,minecraft:oak_trapdoor
minecraft:spruce_trapdoor,0,minecraft:spruce_trapdoor
minecraft:birch_trapdoor,0,minecraft:birch_trapdoor
minecraft:jungle_trapdoor,0,minecraft:jungle_trapdoor
minecraft:acacia_trapdoor,0,minecraft:acacia_trapdoor
minecraft:dark_oak_trapdoor,0,minecraft:dark_oak_trapdoor
minecraft:mangrove_trapdoor,0,minecraft:mangrove_trapdoor
minecraft:trapdoor,0,minecraft:bamboo_trapdoor
minecraft:crimson_trapdoor,0,minecraft:crimson_trapdoor
minecraft:warped_trapdoor,0,minecraft:warped_trapdoor
minecraft:fence_gate,0,minecraft:oak_fence_gate
minecraft:spruce_fence_gate,0,minecraft:spruce_fence_gate
minecraft:birch_fence_gate,0,minecraft:birch_fence_gate
minecraft:jungle_fence_gate,0,minecraft:jungle_fence_gate
minecraft:acacia_fence_gate,0,minecraft:acacia_fence_gate
minecraft:dark_oak_fence_gate,0,minecraft:dark_oak_fence_gate
minecraft:mangrove_fence_gate,0,minecraft:mangrove_fence_gate
minecraft:fence_gate,0,minecraft:bamboo_fence_gate
minecraft:crimson_fence_gate,0,minecraft:crimson_fence_gate
minecraft:warped_fence_gate,0,minecraft:warped_fence_gate
minecraft:golden_rail,0,minecraft:powered_rail
minecraft:detector_rail,0,minecraft:detector_rail
minecraft:rail,0,minecraft:rail
minecraft:activator_rail,0,minecraft:activator_rail
minecraft:saddle,0,minecraft:saddle
minecraft:minecart,0,minecraft:minecart
minecraft:chest_minecart,0,minecraft:chest_minecart
minecraft:hopper_minecart,0,minecraft:furnace_minecart
minecraft:tnt_minecart,0,minecraft:tnt_minecart
minecraft:hopper_minecart,0,minecraft:hopper_minecart
minecraft:carrot_on_a_stick,0,minecraft:carrot_on_a_stick
minecraft:warped_fungus_on_a_stick,0,minecraft:warped_fungus_on_a_stick
minecraft:elytra,0,minecraft:elytra
minecraft:oak_boat,0,minecraft:oak_boat
minecraft:oak_chest_boat,0,minecraft:oak_chest_boat
minecraft:spruce_boat,0,minecraft:spruce_boat
minecraft:spruce_chest_boat,0,minecraft:spruce_chest_boat
minecraft:birch_boat,0,minecraft:birch_boat
minecraft:birch_chest_boat,0,minecraft:birch_chest_boat
minecraft:jungle_boat,0,minecraft:jungle_boat
minecraft:jungle_chest_boat,0,minecraft:jungle_chest_boat
minecraft:acacia_boat,0,minecraft:acacia_boat
minecraft:acacia_chest_boat,0,minecraft:acacia_chest_boat
minecraft:dark_oak_boat,0,minecraft:dark_oak_boat
minecraft:dark_oak_chest_boat,0,minecraft:dark_oak_chest_boat
minecraft:mangrove_boat,0,minecraft:mangrove_boat
minecraft:mangrove_chest_boat,0,minecraft:mangrove_chest_boat
minecraft:oak_boat,0,minecraft:bamboo_raft
minecraft:oak_chest_boat,0,minecraft:bamboo_chest_raft
minecraft:structure_block,0,minecraft:structure_block
minecraft:jigsaw,0,minecraft:jigsaw
minecraft:turtle_helmet,0,minecraft:turtle_helmet
minecraft:scute,0,minecraft:scute
minecraft:flint_and_steel,0,minecraft:flint_and_steel
minecraft:apple,0,minecraft:apple
minecraft:bow,0,minecraft:bow
minecraft:arrow,0,minecraft:arrow
minecraft:coal,0,minecraft:coal
minecraft:charcoal,0,minecraft:charcoal
minecraft:diamond,0,minecraft:diamond
minecraft:emerald,0,minecraft:emerald
minecraft:lapis_lazuli,0,minecraft:lapis_lazuli
minecraft:quartz,0,minecraft:quartz
minecraft:amethyst_shard,0,minecraft:amethyst_shard
minecraft:raw_iron,0,minecraft:raw_iron
minecraft:iron_ingot,0,minecraft:iron_ingot
minecraft:raw_copper,0,minecraft:raw_copper
minecraft:copper_ingot,0,minecraft:copper_ingot
minecraft:raw_gold,0,minecraft:raw_gold
minecraft:gold_ingot,0,minecraft:gold_ingot
minecraft:netherite_ingot,0,minecraft:netherite_ingot
minecraft:netherite_scrap,0,minecraft:netherite_scrap
minecraft:wooden_sword,0,minecraft:wooden_sword
minecraft:wooden_shovel,0,minecraft:wooden_shovel
minecraft:wooden_pickaxe,0,minecraft:wooden_pickaxe
minecraft:wooden_axe,0,minecraft:wooden_axe
minecraft:wooden_hoe,0,minecraft:wooden_hoe
minecraft:stone_sword,0,minecraft:stone_sword
minecraft:stone_shovel,0,minecraft:stone_shovel
minecraft:stone_pickaxe,0,minecraft:stone_pickaxe
minecraft:stone_axe,0,minecraft:stone_axe
minecraft:stone_hoe,0,minecraft:stone_hoe
minecraft:golden_sword,0,minecraft:golden_sword
minecraft:golden_shovel,0,minecraft:golden_shovel
minecraft:golden_pickaxe,0,minecraft:golden_pickaxe
minecraft:golden_axe,0,minecraft:golden_axe
minecraft:golden_hoe,0,minecraft:golden_hoe
minecraft:iron_sword,0,minecraft:iron_sword
minecraft:iron_shovel,0,minecraft:iron_shovel
minecraft:iron_pickaxe,0,minecraft:iron_pickaxe
minecraft:iron_axe,0,minecraft:iron_axe
minecraft:iron_hoe,0,minecraft:iron_hoe
minecraft:diamond_sword,0,minecraft:diamond_sword
minecraft:diamond_shovel,0,minecraft:diamond_shovel
minecraft:diamond_pickaxe,0,minecraft:diamond_pickaxe
minecraft:diamond_axe,0,minecraft:diamond_axe
minecraft:diamond_hoe,0,minecraft:diamond_hoe
minecraft:netherite_sword,0,minecraft:netherite_sword
minecraft:netherite_shovel,0,minecraft:netherite_shovel
minecraft:netherite_pickaxe,0,minecraft:netherite_pickaxe
minecraft:netherite_axe,0,minecraft:netherite_axe
minecraft:netherite_hoe,0,minecraft:netherite_hoe
minecraft:stick,0,minecraft:stick
minecraft:bowl,0,minecraft:bowl
minecraft:mushroom_stew,0,minecraft:mushroom_stew
minecraft:string,0,minecraft:string
minecraft:feather,0,minecraft:feather
minecraft:gunpowder,0,minecraft:gunpowder
minecraft:wheat_seeds,0,minecraft:wheat_seeds
minecraft:wheat,0,minecraft:wheat
minecraft:bread,0,minecraft:bread
minecraft:leather_helmet,0,minecraft:leather_helmet
minecraft:leather_chestplate,0,minecraft:leather_chestplate
minecraft:leather_leggings,0,minecraft:leather_leggings
minecraft:leather_boots,0,minecraft:leather_boots
minecraft:chainmail_helmet,0,minecraft:chainmail_helmet
minecraft:chainmail_chestplate,0,minecraft:chainmail_chestplate
minecraft:chainmail_leggings,0,minecraft:chainmail_leggings
minecraft:chainmail_boots,0,minecraft:chainmail_boots
minecraft:iron_helmet,0,minecraft:iron_helmet
minecraft:iron_chestplate,0,minecraft:iron_chestplate
minecraft:iron_leggings,0,minecraft:iron_leggings
minecraft:iron_boots,0,minecraft:iron_boots
minecraft:diamond_helmet,0,minecraft:diamond_helmet
minecraft:diamond_chestplate,0,minecraft:diamond_chestplate
minecraft:diamond_leggings,0,minecraft:diamond_leggings
minecraft:diamond_boots,0,minecraft:diamond_boots
minecraft:golden_helmet,0,minecraft:golden_helmet
minecraft:golden_chestplate,0,minecraft:golden_chestplate
minecraft:golden_leggings,0,minecraft:golden_leggings
minecraft:golden_boots,0,minecraft:golden_boots
minecraft:netherite_helmet,0,minecraft:netherite_helmet
minecraft:netherite_chestplate,0,minecraft:netherite_chestplate
minecraft:netherite_leggings,0,minecraft:netherite_leggings
minecraft:netherite_boots,0,minecraft:netherite_boots
minecraft:flint,0,minecraft:flint
minecraft:porkchop,0,minecraft:porkchop
minecraft:cooked_porkchop,0,minecraft:cooked_porkchop
minecraft:painting,0,minecraft:painting
minecraft:golden_apple,0,minecraft:golden_apple
minecraft:enchanted_golden_apple,0,minecraft:enchanted_golden_apple
minecraft:oak_sign,0,minecraft:oak_sign
minecraft:spruce_sign,0,minecraft:spruce_sign
minecraft:birch_sign,0,minecraft:birch_sign
minecraft:jungle_sign,0,minecraft:jungle_sign
minecraft:acacia_sign,0,minecraft:acacia_sign
minecraft:dark_oak_sign,0,minecraft:dark_oak_sign
minecraft:mangrove_sign,0,minecraft:mangrove_sign
minecraft:oak_sign,0,minecraft:bamboo_sign
minecraft:crimson_sign,0,minecraft:crimson_sign
minecraft:warped_sign,0,minecraft:warped_sign
minecraft:oak_sign,0,minecraft:oak_hanging_sign
minecraft:spruce_sign,0,minecraft:spruce_hanging_sign
minecraft:birch_sign,0,minecraft:birch_hanging_sign
minecraft:jungle_sign,0,minecraft:jungle_hanging_sign
minecraft:acacia_sign,0,minecraft:acacia_hanging_sign
minecraft:dark_oak_sign,0,minecraft:dark_oak_hanging_sign
minecraft:mangrove_sign,0,minecraft:mangrove_hanging_sign
minecraft:oak_sign,0,minecraft:bamboo_hanging_sign
minecraft:crimson_sign,0,minecraft:crimson_hanging_sign
minecraft:warped_sign,0,minecraft:warped_hanging_sign
minecraft:bucket,0,minecraft:bucket
minecraft:water_bucket,0,minecraft:water_bucket
minecraft:lava_bucket,0,minecraft:lava_bucket
minecraft:powder_snow_bucket,0,minecraft:powder_snow_bucket
minecraft:snowball,0,minecraft:snowball
minecraft:leather,0,minecraft:leather
minecraft:milk_bucket,0,minecraft:milk_bucket
minecraft:pufferfish_bucket,0,minecraft:pufferfish_bucket
minecraft:salmon_bucket,0,minecraft:salmon_bucket
minecraft:cod_bucket,0,minecraft:cod_bucket
minecraft:tropical_fish_bucket,0,minecraft:tropical_fish_bucket
minecraft:axolotl_bucket,0,minecraft:axolotl_bucket
minecraft:tadpole_bucket,0,minecraft:tadpole_bucket
minecraft:brick,0,minecraft:brick
minecraft:clay_ball,0,minecraft:clay_ball
minecraft:dried_kelp_block,0,minecraft:dried_kelp_block
minecraft:paper,0,minecraft:paper
minecraft:book,0,minecraft:book
minecraft:slime_ball,0,minecraft:slime_ball
minecraft:egg,0,minecraft:egg
minecraft:compass,0,minecraft:compass
minecraft:recovery_compass,0,minecraft:recovery_compass
minecraft:shulker_shell,0,minecraft:bundle
minecraft:fishing_rod,0,minecraft:fishing_rod
minecraft:clock,0,minecraft:clock
minecraft:spyglass,0,minecraft:spyglass
minecraft:glowstone_dust,0,minecraft:glowstone_dust
minecraft:cod,0,minecraft:cod
minecraft:salmon,0,minecraft:salmon
minecraft:tropical_fish,0,minecraft:tropical_fish
minecraft:pufferfish,0,minecraft:pufferfish
minecraft:cooked_cod,0,minecraft:cooked_cod
minecraft:cooked_salmon,0,minecraft:cooked_salmon
minecraft:ink_sac,0,minecraft:ink_sac
minecraft:glow_ink_sac,0,minecraft:glow_ink_sac
minecraft:cocoa_beans,3,minecraft:cocoa_beans
minecraft:white_dye,0,minecraft:white_dye
minecraft:orange_dye,0,minecraft:orange_dye
minecraft:magenta_dye,0,minecraft:magenta_dye
minecraft:light_blue_dye,0,minecraft:light_blue_dye
minecraft:yellow_dye,0,minecraft:yellow_dye
minecraft:lime_dye,0,minecraft:lime_dye
minecraft:pink_dye,0,minecraft:pink_dye
minecraft:gray_dye,0,minecraft:gray_dye
minecraft:light_gray_dye,0,minecraft:light_gray_dye
minecraft:cyan_dye,0,minecraft:cyan_dye
minecraft:purple_dye,0,minecraft:purple_dye
minecraft:blue_dye,0,minecraft:blue_dye
minecraft:brown_dye,0,minecraft:brown_dye
minecraft:green_dye,0,minecraft:green_dye
minecraft:red_dye,0,minecraft:red_dye
minecraft:black_dye,0,minecraft:black_dye
minecraft:bone_meal,0,minecraft:bone_meal
minecraft:bone,0,minecraft:bone
minecraft:sugar,0,minecraft:sugar
minecraft:cake,0,minecraft:cake
minecraft:bed,0,minecraft:white_bed
minecraft:bed,1,minecraft:orange_bed
minecraft:bed,2,minecraft:magenta_bed
minecraft:bed,3,minecraft:light_blue_bed
minecraft:bed,4,minecraft:yellow_bed
minecraft:bed,5,minecraft:lime_bed
minecraft:bed,6,minecraft:pink_bed
minecraft:bed,7,minecraft:gray_bed
minecraft:bed,8,minecraft:light_gray_bed
minecraft:bed,9,minecraft:cyan_bed
minecraft:bed,10,minecraft:purple_bed
minecraft:bed,11,minecraft:blue_bed
minecraft:bed,12,minecraft:brown_bed
minecraft:bed,13,minecraft:green_bed
minecraft:bed,14,minecraft:red_bed
minecraft:bed,15,minecraft:black_bed
minecraft:cookie,0,minecraft:cookie
minecraft:filled_map,0,minecraft:filled_map
minecraft:shears,0,minecraft:shears
minecraft:melon_slice,0,minecraft:melon_slice
minecraft:dried_kelp,0,minecraft:dried_kelp
minecraft:pumpkin_seeds,0,minecraft:pumpkin_seeds
minecraft:melon_seeds,0,minecraft:melon_seeds
minecraft:beef,0,minecraft:beef
minecraft:cooked_beef,0,minecraft:cooked_beef
minecraft:chicken,0,minecraft:chicken
minecraft:cooked_chicken,0,minecraft:cooked_chicken
minecraft:rotten_flesh,0,minecraft:rotten_flesh
minecraft:ender_pearl,0,minecraft:ender_pearl
minecraft:blaze_rod,0,minecraft:blaze_rod
minecraft:ghast_tear,0,minecraft:ghast_tear
minecraft:gold_nugget,0,minecraft:gold_nugget
minecraft:nether_wart,0,minecraft:nether_wart
minecraft:potion,0,minecraft:potion
minecraft:glass_bottle,0,minecraft:glass_bottle
minecraft:spider_eye,0,minecraft:spider_eye
minecraft:fermented_spider_eye,0,minecraft:fermented_spider_eye
minecraft:blaze_powder,0,minecraft:blaze_powder
minecraft:magma_cream,0,minecraft:magma_cream
minecraft:brewing_stand,0,minecraft:brewing_stand
minecraft:cauldron,0,minecraft:cauldron
minecraft:ender_eye,0,minecraft:ender_eye
minecraft:glistering_melon_slice,0,minecraft:glistering_melon_slice
minecraft:allay_spawn_egg,0,minecraft:allay_spawn_egg
minecraft:axolotl_spawn_egg,0,minecraft:axolotl_spawn_egg
minecraft:bat_spawn_egg,0,minecraft:bat_spawn_egg
minecraft:bee_spawn_egg,0,minecraft:bee_spawn_egg
minecraft:blaze_spawn_egg,0,minecraft:blaze_spawn_egg
minecraft:cat_spawn_egg,0,minecraft:cat_spawn_egg
minecraft:llama_spawn_egg,0,minecraft:camel_spawn_egg
minecraft:cave_spider_spawn_egg,0,minecraft:cave_spider_spawn_egg
minecraft:chicken_spawn_egg,0,minecraft:chicken_spawn_egg
minecraft:cod_spawn_egg,0,minecraft:cod_spawn_egg
minecraft:cow_spawn_egg,0,minecraft:cow_spawn_egg
minecraft:creeper_spawn_egg,0,minecraft:creeper_spawn_egg
minecraft:dolphin_spawn_egg,0,minecraft:dolphin_spawn_egg
minecraft:donkey_spawn_egg,0,minecraft:donkey_spawn_egg
minecraft:drowned_spawn_egg,0,minecraft:drowned_spawn_egg
minecraft:elder_guardian_spawn_egg,0,minecraft:elder_guardian_spawn_egg
minecraft:enderman_spawn_egg,0,minecraft:ender_dragon_spawn_egg
minecraft:enderman_spawn_egg,0,minecraft:enderman_spawn_egg
minecraft:endermite_spawn_egg,0,minecraft:endermite_spawn_egg
minecraft:evoker_spawn_egg,0,minecraft:evoker_spawn_egg
minecraft:fox_spawn_egg,0,minecraft:fox_spawn_egg
minecraft:frog_spawn_egg,0,minecraft:frog_spawn_egg
minecraft:ghast_spawn_egg,0,minecraft:ghast_spawn_egg
minecraft:glow_squid_spawn_egg,0,minecraft:glow_squid_spawn_egg
minecraft:goat_spawn_egg,0,minecraft:goat_spawn_egg
minecraft:guardian_spawn_egg,0,minecraft:guardian_spawn_egg
minecraft:hoglin_spawn_egg,0,minecraft:hoglin_spawn_egg
minecraft:horse_spawn_egg,0,minecraft:horse_spawn_egg
minecraft:husk_spawn_egg,0,minecraft:husk_spawn_egg
minecraft:wolf_spawn_egg,0,minecraft:iron_golem_spawn_egg
minecraft:llama_spawn_egg,0,minecraft:llama_spawn_egg
minecraft:magma_cube_spawn_egg,0,minecraft:magma_cube_spawn_egg
minecraft:mooshroom_spawn_egg,0,minecraft:mooshroom_spawn_egg
minecraft:mule_spawn_egg,0,minecraft:mule_spawn_egg
minecraft:ocelot_spawn_egg,0,minecraft:ocelot_spawn_egg
minecraft:panda_spawn_egg,0,minecraft:panda_spawn_egg
minecraft:parrot_spawn_egg,0,minecraft:parrot_spawn_egg
minecraft:phantom_spawn_egg,0,minecraft:phantom_spawn_egg
minecraft:pig_spawn_egg,0,minecraft:pig_spawn_egg
minecraft:piglin_spawn_egg,0,minecraft:piglin_spawn_egg
minecraft:piglin_brute_spawn_egg,0,minecraft:piglin_brute_spawn_egg
minecraft:pillager_spawn_egg,0,minecraft:pillager_spawn_egg
minecraft:polar_bear_spawn_egg,0,minecraft:polar_bear_spawn_egg
minecraft:pufferfish_spawn_egg,0,minecraft:pufferfish_spawn_egg
minecraft:rabbit_spawn_egg,0,minecraft:rabbit_spawn_egg
minecraft:ravager_spawn_egg,0,minecraft:ravager_spawn_egg
minecraft:salmon_spawn_egg,0,minecraft:salmon_spawn_egg
minecraft:sheep_spawn_egg,0,minecraft:sheep_spawn_egg
minecraft:shulker_spawn_egg,0,minecraft:shulker_spawn_egg
minecraft:silverfish_spawn_egg,0,minecraft:silverfish_spawn_egg
minecraft:skeleton_spawn_egg,0,minecraft:skeleton_spawn_egg
minecraft:skeleton_horse_spawn_egg,0,minecraft:skeleton_horse_spawn_egg
minecraft:slime_spawn_egg,0,minecraft:slime_spawn_egg
minecraft:polar_bear_spawn_egg,0,minecraft:snow_golem_spawn_egg
minecraft:spider_spawn_egg,0,minecraft:spider_spawn_egg
minecraft:squid_spawn_egg,0,minecraft:squid_spawn_egg
minecraft:stray_spawn_egg,0,minecraft:stray_spawn_egg
minecraft:strider_spawn_egg,0,minecraft:strider_spawn_egg
minecraft:tadpole_spawn_egg,0,minecraft:tadpole_spawn_egg
minecraft:llama_spawn_egg,0,minecraft:trader_llama_spawn_egg
minecraft:tropical_fish_spawn_egg,0,minecraft:tropical_fish_spawn_egg
minecraft:turtle_spawn_egg,0,minecraft:turtle_spawn_egg
minecraft:vex_spawn_egg,0,minecraft:vex_spawn_egg
minecraft:villager_spawn_egg,0,minecraft:villager_spawn_egg
minecraft:vindicator_spawn_egg,0,minecraft:vindicator_spawn_egg
minecraft:wandering_trader_spawn_egg,0,minecraft:wandering_trader_spawn_egg
minecraft:warden_spawn_egg,0,minecraft:warden_spawn_egg
minecraft:witch_spawn_egg,0,minecraft:witch_spawn_egg
minecraft:wither_skeleton_spawn_egg,0,minecraft:wither_spawn_egg
minecraft:wither_skeleton_spawn_egg,0,minecraft:wither_skeleton_spawn_egg
minecraft:wolf_spawn_egg,0,minecraft:wolf_spawn_egg
minecraft:zoglin_spawn_egg,0,minecraft:zoglin_spawn_egg
minecraft:zombie_spawn_egg,0,minecraft:zombie_spawn_egg
minecraft:zombie_horse_spawn_egg,0,minecraft:zombie_horse_spawn_egg
minecraft:zombie_villager_spawn_egg,0,minecraft:zombie_villager_spawn_egg
minecraft:zombie_pigman_spawn_egg,0,minecraft:zombified_piglin_spawn_egg
minecraft:experience_bottle,0,minecraft:experience_bottle
minecraft:fire_charge,0,minecraft:fire_charge
minecraft:writable_book,0,minecraft:writable_book
minecraft:written_book,0,minecraft:written_book
minecraft:frame,0,minecraft:item_frame
minecraft:glow_frame,0,minecraft:glow_item_frame
minecraft:flower_pot,0,minecraft:flower_pot
minecraft:carrot,0,minecraft:carrot
minecraft:potato,0,minecraft:potato
minecraft:baked_potato,0,minecraft:baked_potato
minecraft:poisonous_potato,0,minecraft:poisonous_potato
minecraft:empty_map,0,minecraft:map
minecraft:golden_carrot,0,minecraft:golden_carrot
minecraft:skull,0,minecraft:skeleton_skull
minecraft:skull,1,minecraft:wither_skeleton_skull
minecraft:skull,3,minecraft:player_head
minecraft:skull,2,minecraft:zombie_head
minecraft:skull,4,minecraft:creeper_head
minecraft:skull,5,minecraft:dragon_head
minecraft:skull,0,minecraft:piglin_head
minecraft:nether_star,0,minecraft:nether_star
minecraft:pumpkin_pie,0,minecraft:pumpkin_pie
minecraft:firework_rocket,0,minecraft:firework_rocket
minecraft:firework_star,0,minecraft:firework_star
minecraft:enchanted_book,0,minecraft:enchanted_book
minecraft:netherbrick,0,minecraft:nether_brick
minecraft:prismarine_shard,0,minecraft:prismarine_shard
minecraft:prismarine_crystals,0,minecraft:prismarine_crystals
minecraft:rabbit,0,minecraft:rabbit
minecraft:cooked_rabbit,0,minecraft:cooked_rabbit
minecraft:rabbit_stew,0,minecraft:rabbit_stew
minecraft:rabbit_foot,0,minecraft:rabbit_foot
minecraft:rabbit_hide,0,minecraft:rabbit_hide
minecraft:armor_stand,0,minecraft:armor_stand
minecraft:iron_horse_armor,0,minecraft:iron_horse_armor
minecraft:golden_horse_armor,0,minecraft:golden_horse_armor
minecraft:diamond_horse_armor,0,minecraft:diamond_horse_armor
minecraft:leather_horse_armor,0,minecraft:leather_horse_armor
minecraft:lead,0,minecraft:lead
minecraft:name_tag,0,minecraft:name_tag
minecraft:command_block_minecart,0,minecraft:command_block_minecart
minecraft:mutton,0,minecraft:mutton
minecraft:cooked_mutton,0,minecraft:cooked_mutton
minecraft:banner,15,minecraft:white_banner
minecraft:banner,14,minecraft:orange_banner
minecraft:banner,13,minecraft:magenta_banner
minecraft:banner,12,minecraft:light_blue_banner
minecraft:banner,11,minecraft:yellow_banner
minecraft:banner,10,minecraft:lime_banner
minecraft:banner,9,minecraft:pink_banner
minecraft:banner,8,minecraft:gray_banner
minecraft:banner,7,minecraft:light_gray_banner
minecraft:banner,6,minecraft:cyan_banner
minecraft:banner,5,minecraft:purple_banner
minecraft:banner,4,minecraft:blue_banner
minecraft:banner,3,minecraft:brown_banner
minecraft:banner,2,minecraft:green_banner
minecraft:banner,1,minecraft:red_banner
minecraft:banner,0,minecraft:black_banner
minecraft:end_crystal,0,minecraft:end_crystal
minecraft:chorus_fruit,0,minecraft:chorus_fruit
minecraft:popped_chorus_fruit,0,minecraft:popped_chorus_fruit
minecraft:beetroot,0,minecraft:beetroot
minecraft:beetroot_seeds,0,minecraft:beetroot_seeds
minecraft:beetroot_soup,0,minecraft:beetroot_soup
minecraft:dragon_breath,0,minecraft:dragon_breath
minecraft:splash_potion,0,minecraft:splash_potion
minecraft:arrow,0,minecraft:spectral_arrow
minecraft:arrow,0,minecraft:tipped_arrow
minecraft:lingering_potion,0,minecraft:lingering_potion
minecraft:shield,0,minecraft:shield
minecraft:totem_of_undying,0,minecraft:totem_of_undying
minecraft:shulker_shell,0,minecraft:shulker_shell
minecraft:iron_nugget,0,minecraft:iron_nugget
minecraft:book,0,minecraft:knowledge_book
minecraft:stick,0,minecraft:debug_stick
minecraft:music_disc_13,0,minecraft:music_disc_13
minecraft:music_disc_cat,0,minecraft:music_disc_cat
minecraft:music_disc_blocks,0,minecraft:music_disc_blocks
minecraft:music_disc_chirp,0,minecraft:music_disc_chirp
minecraft:music_disc_far,0,minecraft:music_disc_far
minecraft:music_disc_mall,0,minecraft:music_disc_mall
minecraft:music_disc_mellohi,0,minecraft:music_disc_mellohi
minecraft:music_disc_stal,0,minecraft:music_disc_stal
minecraft:music_disc_strad,0,minecraft:music_disc_strad
minecraft:music_disc_ward,0,minecraft:music_disc_ward
minecraft:music_disc_11,0,minecraft:music_disc_11
minecraft:music_disc_wait,0,minecraft:music_disc_wait
minecraft:music_disc_otherside,0,minecraft:music_disc_otherside
minecraft:music_disc_5,0,minecraft:music_disc_5
minecraft:music_disc_pigstep,0,minecraft:music_disc_pigstep
minecraft:disc_fragment_5,0,minecraft:disc_fragment_5
minecraft:trident,0,minecraft:trident
minecraft:phantom_membrane,0,minecraft:phantom_membrane
minecraft:nautilus_shell,0,minecraft:nautilus_shell
minecraft:heart_of_the_sea,0,minecraft:heart_of_the_sea
minecraft:crossbow,0,minecraft:crossbow
minecraft:suspicious_stew,0,minecraft:suspicious_stew
minecraft:loom,0,minecraft:loom
minecraft:flower_banner_pattern,0,minecraft:flower_banner_pattern
minecraft:creeper_banner_pattern,0,minecraft:creeper_banner_pattern
minecraft:skull_banner_pattern,0,minecraft:skull_banner_pattern
minecraft:mojang_banner_pattern,0,minecraft:mojang_banner_pattern
minecraft:globe_banner_pattern,0,minecraft:globe_banner_pattern
minecraft:piglin_banner_pattern,0,minecraft:piglin_banner_pattern
minecraft:goat_horn,0,minecraft:goat_horn
minecraft:composter,0,minecraft:composter
minecraft:barrel,0,minecraft:barrel
minecraft:smoker,0,minecraft:smoker
minecraft:blast_furnace,0,minecraft:blast_furnace
minecraft:cartography_table,0,minecraft:cartography_table
minecraft:fletching_table,0,minecraft:fletching_table
minecraft:grindstone,0,minecraft:grindstone
minecraft:smithing_table,0,minecraft:smithing_table
minecraft:stonecutter_block,0,minecraft:stonecutter
minecraft:bell,0,minecraft:bell
minecraft:lantern,0,minecraft:lantern
minecraft:soul_lantern,0,minecraft:soul_lantern
minecraft:sweet_berries,0,minecraft:sweet_berries
minecraft:glow_berries,0,minecraft:glow_berries
minecraft:campfire,0,minecraft:campfire
minecraft:soul_campfire,0,minecraft:soul_campfire
minecraft:shroomlight,0,minecraft:shroomlight
minecraft:honeycomb,0,minecraft:honeycomb
minecraft:bee_nest,0,minecraft:bee_nest
minecraft:beehive,0,minecraft:beehive
minecraft:honey_bottle,0,minecraft:honey_bottle
minecraft:honeycomb_block,0,minecraft:honeycomb_block
minecraft:lodestone,0,minecraft:lodestone
minecraft:crying_obsidian,0,minecraft:crying_obsidian
minecraft:blackstone,0,minecraft:blackstone
minecraft:blackstone_slab,0,minecraft:blackstone_slab
minecraft:blackstone_stairs,0,minecraft:blackstone_stairs
minecraft:gilded_blackstone,0,minecraft:gilded_blackstone
minecraft:polished_blackstone,0,minecraft:polished_blackstone
minecraft:polished_blackstone_slab,0,minecraft:polished_blackstone_slab
minecraft:polished_blackstone_stairs,0,minecraft:polished_blackstone_stairs
minecraft:chiseled_polished_blackstone,0,minecraft:chiseled_polished_blackstone
minecraft:polished_blackstone_bricks,0,minecraft:polished_blackstone_bricks
minecraft:polished_blackstone_brick_slab,0,minecraft:polished_blackstone_brick_slab
minecraft:polished_blackstone_brick_stairs,0,minecraft:polished_blackstone_brick_stairs
minecraft:cracked_polished_blackstone_bricks,0,minecraft:cracked_polished_blackstone_bricks
minecraft:respawn_anchor,0,minecraft:respawn_anchor
minecraft:candle,0,minecraft:candle
minecraft:white_candle,0,minecraft:white_candle
minecraft:orange_candle,0,minecraft:orange_candle
minecraft:magenta_candle,0,minecraft:magenta_candle
minecraft:light_blue_candle,0,minecraft:light_blue_candle
minecraft:yellow_candle,0,minecraft:yellow_candle
minecraft:lime_candle,0,minecraft:lime_candle
minecraft:pink_candle,0,minecraft:pink_candle
minecraft:gray_candle,0,minecraft:gray_candle
minecraft:light_gray_candle,0,minecraft:light_gray_candle
minecraft:cyan_candle,0,minecraft:cyan_candle
minecraft:purple_candle,0,minecraft:purple_candle
minecraft:blue_candle,0,minecraft:blue_candle
minecraft:brown_candle,0,minecraft:brown_candle
minecraft:green_candle,0,minecraft:green_candle
minecraft:red_candle,0,minecraft:red_candle
minecraft:black_candle,0,minecraft:black_candle
minecraft:small_amethyst_bud,0,minecraft:small_amethyst_bud
minecraft:medium_amethyst_bud,0,minecraft:medium_amethyst_bud
minecraft:large_amethyst_bud,0,minecraft:large_amethyst_bud
minecraft:amethyst_cluster,0,minecraft:amethyst_cluster
minecraft:pointed_dripstone,0,minecraft:pointed_dripstone
minecraft:ochre_froglight,0,minecraft:ochre_froglight
minecraft:verdant_froglight,0,minecraft:verdant_froglight
minecraft:pearlescent_froglight,0,minecraft:pearlescent_froglight
minecraft:frog_spawn,0,minecraft:frogspawn
minecraft:echo_shard,0,minecraft:echo_shard
